event_id,event_date,policy_column,policy_change_abs,executive_period,cluster,pre_mean,post_mean,post_minus_pre,n_pre,n_post
1,2001-03-01,tipm,0.5,pastrana,2,-0.002278805228068855,0.0,0.002278805228068855,6,7
2,2001-07-01,tipm,0.5,pastrana,0,-0.0012973502233645424,0.0,0.0012973502233645424,6,7
3,2001-08-01,tipm,1.0,pastrana,0,-0.0016652481219702013,0.0,0.0016652481219702013,6,7
4,2001-09-01,tipm,0.5,pastrana,0,0.0030276978282809397,0.0,-0.0030276978282809397,6,7
5,2001-11-01,tipm,0.5,pastrana,0,-0.00021169995060334643,0.0,0.00021169995060334643,6,7
6,2002-02-01,tipm,0.5,pastrana,0,0.0034197329466497304,0.0,-0.0034197329466497304,6,7
7,2002-04-01,tipm,0.75,pastrana,0,-0.0008178228990411615,0.0,0.0008178228990411615,6,7
8,2002-05-01,tipm,1.0,pastrana,0,0.00489145836875815,0.0,-0.00489145836875815,6,7
9,2002-06-01,tipm,0.5,pastrana,0,0.006503017488216393,0.0,-0.006503017488216393,6,7
10,2002-07-01,tipm,0.5,pastrana,0,0.0035454227479411182,0.0,-0.0035454227479411182,6,7
11,2003-02-01,tipm,1.0,uribe_i,0,0.012523097935245456,0.0,-0.012523097935245456,6,7
12,2003-05-01,tipm,1.0,uribe_i,1,-0.006053932364312638,0.0,0.006053932364312638,6,7
13,2005-09-01,tipm,0.5,uribe_i,1,0.0052809712275411575,0.0,-0.0052809712275411575,6,7
14,2006-11-01,tipm,0.5,uribe_ii,2,-0.0034576528081936377,0.0,0.0034576528081936377,6,7
15,2007-06-01,tipm,0.5,uribe_ii,2,-0.003069019827192839,0.0,0.003069019827192839,6,7
16,2007-08-01,tipm,0.5,uribe_ii,2,0.002494317228333006,0.0,-0.002494317228333006,6,7
17,2009-01-01,tipm,0.5,uribe_ii,2,0.012098152091054878,0.0,-0.012098152091054878,6,7
18,2009-03-01,tipm,0.5,uribe_ii,2,0.01639512901435129,0.0,-0.01639512901435129,6,7
19,2009-04-01,tipm,2.0,uribe_ii,2,-0.0033380691858574765,0.0,0.0033380691858574765,6,7
20,2009-06-01,tipm,1.0,uribe_ii,1,0.007196884595222053,0.0,-0.007196884595222053,6,7
21,2009-07-01,tipm,1.5,uribe_ii,2,0.003056440960257293,0.0,-0.003056440960257293,6,7
22,2009-10-01,tipm,0.5,uribe_ii,2,0.008287865062812946,0.0,-0.008287865062812946,6,7
23,2009-12-01,tipm,0.5,uribe_ii,2,0.013401587484182667,0.0,-0.013401587484182667,6,7
24,2010-04-01,tipm,0.5,uribe_ii,2,0.00272805007561853,0.0,-0.00272805007561853,6,7
25,2011-03-01,tipm,0.5,santos_i,2,0.0020065369114322293,0.0,-0.0020065369114322293,6,7
26,2011-06-01,tipm,0.5,santos_i,2,0.004142324994402258,0.0,-0.004142324994402258,6,7
27,2013-04-01,tipm,0.5,santos_i,2,-0.0035563829547572423,0.0,0.0035563829547572423,6,7
28,2014-07-01,tipm,0.5,santos_i,0,-0.0010912367090475568,0.0,0.0010912367090475568,6,7
29,2015-12-01,tipm,0.75,santos_ii,0,-0.010574365609948955,0.0,0.010574365609948955,6,7
30,2016-03-01,tipm,0.5,santos_ii,0,0.015573598695061844,0.0,-0.015573598695061844,6,7
31,2016-06-01,tipm,0.75,santos_ii,0,0.002299572284921577,0.0,-0.002299572284921577,6,7
32,2017-06-01,tipm,0.75,santos_ii,0,-0.0027166970862995874,0.0,0.0027166970862995874,6,7
33,2017-08-01,tipm,0.75,santos_ii,0,-0.0031792381466258326,0.0,0.0031792381466258326,6,7
34,2020-04-01,tipm,0.5,duque,3,-0.0005395195458434884,0.0,0.0005395195458434884,6,7
35,2020-06-01,tipm,0.5,duque,3,0.0033126749181487205,0.0,-0.0033126749181487205,6,7
36,2020-07-01,tipm,0.5,duque,3,0.0015381209289317965,0.0,-0.0015381209289317965,6,7
37,2020-10-01,tipm,0.5,duque,3,-0.003924188239118942,0.0,0.003924188239118942,6,7
38,2021-12-01,tipm,0.5,duque,3,0.004068998508596692,0.0,-0.004068998508596692,6,7
39,2022-01-01,tipm,0.5,duque,3,-0.0030747030137217024,0.0,0.0030747030137217024,6,7
40,2022-02-01,tipm,1.0,duque,3,0.0028097277026837655,0.0,-0.0028097277026837655,6,7
41,2022-05-01,tipm,1.0,duque,3,-0.0011919246888417538,0.0,0.0011919246888417538,6,7
42,2022-06-01,tipm,1.0,duque,3,-0.0073771480772876945,0.0,0.0073771480772876945,6,7
43,2022-08-01,tipm,1.5,duque,3,-0.008857600395529222,0.0,0.008857600395529222,6,7
44,2022-09-01,tipm,1.5,petro,3,0.00281046090407,0.0,-0.00281046090407,6,7
45,2022-10-01,tipm,1.0,petro,3,-0.007804491263840511,0.0,0.007804491263840511,6,7
46,2022-11-01,tipm,1.0,petro,3,-0.0018340592325868377,0.0,0.0018340592325868377,6,7
47,2023-01-01,tipm,1.0,petro,3,0.006785600509716476,0.0,-0.006785600509716476,6,7
48,2023-02-01,tipm,0.75,petro,3,0.009451376752711385,0.0,-0.009451376752711385,6,7
49,2024-04-01,tipm,0.5,petro,3,0.011101830067943852,0.0,-0.011101830067943852,6,7
50,2024-06-01,tipm,0.5,petro,1,0.001188187489563212,0.0,-0.001188187489563212,6,7
51,2024-08-01,tipm,0.5,petro,1,0.004941975844642288,0.0,-0.004941975844642288,6,7
52,2024-09-01,tipm,0.5,petro,1,0.0050557130392308025,0.0,-0.0050557130392308025,6,7
53,2024-11-01,tipm,0.5,petro,1,0.00798300559901107,0.0,-0.00798300559901107,6,7
54,2024-12-01,tipm,0.5,petro,1,-0.0024410674279823166,0.0,0.0024410674279823166,6,7
